seed,comparison,mean_se_lstm,mean_se_opp,DM_HLN,p_value,winner
42,LSTM_vs_Naive,20.568111419677734,20.564254760742188,0.1771104380406362,0.8594750898862435,tie
42,LSTM_vs_XGBoost,20.568111419677734,19.783920288085938,3.1390435021110155,0.0017693271716825443,OPP
123,LSTM_vs_Naive,20.59475326538086,20.564254760742188,0.48511098988242046,0.6277559535600701,tie
123,LSTM_vs_XGBoost,20.59475326538086,19.783920288085938,3.153364604398118,0.0016859871781067515,OPP
2024,LSTM_vs_Naive,20.562976837158203,20.564254760742188,-0.15647169089869786,0.8757082968986654,tie
2024,LSTM_vs_XGBoost,20.562976837158203,19.783920288085938,3.1267459236506063,0.001843903159104876,OPP
