seed,dir_acc_BEFORE,dir_acc_AFTER,dir_acc_DELTA,rmse_BEFORE_bp,rmse_AFTER_bp,cov_BEFORE,cov_AFTER,sharp_BEFORE,sharp_AFTER
42,0.6274509803921569,0.5052790346907994,-0.12217194570135748,4.235349655151367,4.535207748413086,0.9166666666666666,0.8318452380952381,13.628528594970703,11.339197158813477
123,0.6515837104072398,0.4947209653092006,-0.1568627450980392,4.169856071472168,4.538144111633301,0.9002976190476191,0.8288690476190477,12.34385585784912,11.391128540039062
2024,0.6334841628959276,0.4947209653092006,-0.13876319758672695,4.180601119995117,4.534641742706299,0.8898809523809523,0.8288690476190477,12.473671913146973,11.365692138671875
