split,pinball_q05,pinball_q50,pinball_q95,coverage_90,sharpness_bp,rmse_q50_bp,mae_q50_bp,dir_acc_q50,seed,n_epochs,best_val_pinball
train,0.3631230890750885,1.200325846672058,0.3388312757015228,0.9385895404120443,11.324992179870605,3.3569416999816895,2.400651693344116,0.6195514176893779,42,49,1.4830384595053536
val,0.8314499855041504,2.7698397636413574,0.8702900409698486,0.7560975609756098,16.673770904541016,7.161639213562012,5.539679527282715,0.5931372549019608,42,49,1.4830384595053536
test,0.4470757842063904,1.574837327003479,0.45627257227897644,0.9166666666666666,13.628528594970703,4.235349655151367,3.149674654006958,0.6274509803921569,42,49,1.4830384595053536
train,0.35428234934806824,1.1951948404312134,0.32967811822891235,0.9203645007923931,10.398324966430664,3.3382792472839355,2.3903896808624268,0.6195514176893779,123,52,1.5001005785805839
val,0.9001800417900085,2.7466988563537598,0.8832175731658936,0.7268292682926829,15.26025390625,7.123013973236084,5.4933977127075195,0.5931372549019608,123,52,1.5001005785805839
test,0.43204566836357117,1.5466184616088867,0.4373253881931305,0.9002976190476191,12.343855857849121,4.169856071472168,3.0932369232177734,0.6515837104072398,123,52,1.5001005785805839
train,0.34629353880882263,1.1889830827713013,0.32497191429138184,0.9021394611727417,9.826142311096191,3.3158152103424072,2.3779661655426025,0.6352094794752433,2024,50,1.5056872538157873
val,0.8780789971351624,2.7550697326660156,0.9157161116600037,0.7317073170731707,15.558207511901855,7.163651466369629,5.510139465332031,0.5931372549019608,2024,50,1.5056872538157873
test,0.4383588135242462,1.5547038316726685,0.441810667514801,0.8898809523809523,12.473671913146973,4.180601119995117,3.109407663345337,0.6334841628959276,2024,50,1.5056872538157873
