comparison,mean_se_xgb,mean_se_opp,DM_HLN,p_value,bonf_alpha_0.025,winner
XGBv2_vs_Naive,20.06984412676341,21.590542082738935,-6.228230567358435,8.135634388395374e-10,OK,XGB
XGBv2_vs_ARIMA,20.06984412676341,21.626320634165253,-6.5432143473987106,1.163202867360269e-10,OK,XGB
