{
 "0.000": {
  "lo": -0.26384582831686104,
  "hi": 0.28949567688178773,
  "p": 0.53325,
  "sig": "ns"
 },
 "0.162": {
  "lo": -0.2623432608190873,
  "hi": 0.25654204642055095,
  "p": 0.50175,
  "sig": "ns"
 },
 "0.410": {
  "lo": -0.21535909861416605,
  "hi": 0.27520954769751627,
  "p": 0.6245,
  "sig": "ns"
 },
 "0.532": {
  "lo": -0.1618962256598775,
  "hi": 0.3137261559997932,
  "p": 0.75225,
  "sig": "ns"
 },
 "0.694": {
  "lo": -0.18159444635506805,
  "hi": 0.26596499456853495,
  "p": 0.686,
  "sig": "ns"
 },
 "0.965": {
  "lo": -0.2314428059207448,
  "hi": 0.20267817758798543,
  "p": 0.49375,
  "sig": "ns"
 },
 "1.226": {
  "lo": -0.3243213807495009,
  "hi": 0.10463373167899563,
  "p": 0.18375,
  "sig": "ns"
 }
}