model,split,pinball_q05,pinball_q50,pinball_q95,coverage_90,sharpness_bp,rmse_q50_bp,mae_q50_bp,dir_acc_q50,stage
"XGBoost(q,v2)",train,0.34282010439993565,0.9481707172138794,0.27992489211705074,0.9122257053291536,9.756969451904297,2.9582501921635234,1.8963414344277587,0.8601925491837589,raw
"XGBoost(q,v2)",cal,0.33836310530911,1.286160242140864,0.39987173005312454,0.8697478991596639,9.556305885314941,3.3990607480235386,2.572320484281728,0.5527426160337553,raw
"XGBoost(q,v2)",val,0.9323482984762915,2.648268422557878,0.994630627846106,0.6623931623931624,12.463970184326172,6.9002949116956325,5.296536845115756,0.5948275862068966,raw
"XGBoost(q,v2)",test,0.4846790276240348,1.6696873883310221,0.5228098378610002,0.8017118402282454,10.508169174194336,4.479937960146704,3.3393747766620443,0.611271676300578,raw
"XGBoost(q,v2)",cal,0.33938497695602315,1.286160242140864,0.39350918396180457,0.907563025210084,10.777508735656738,3.3990607480235386,2.572320484281728,0.5527426160337553,CQR
"XGBoost(q,v2)",val,0.8721161800164433,2.648268422557878,0.9226986595096747,0.7051282051282052,13.685173988342285,6.9002949116956325,5.296536845115756,0.5948275862068966,CQR
"XGBoost(q,v2)",test,0.4683932092424464,1.6696873883310221,0.4944869494030039,0.8573466476462197,11.729371070861816,4.479937960146704,3.3393747766620443,0.611271676300578,CQR
